{"cameraMode":{"drawMode":0,"name":"Shaded","section":"Shading Mode"},"sceneLighting":false,"audioPlay":false,"sceneViewState":{"m_AlwaysRefresh":false,"showFog":true,"showSkybox":false,"showFlares":true,"showImageEffects":true,"showParticleSystems":true,"showVisualEffectGraphs":true,"m_FxEnabled":true},"in2DMode":false,"pivot":{"x":0.3904518783092499,"y":-0.48430290818214419,"z":0.982754647731781},"rotation":{"x":0.037798330187797549,"y":0.011986199766397477,"z":-0.0004571487370412797,"w":0.9992184638977051},"size":4.3023247718811039,"orthographic":false}