{"cameraMode":{"drawMode":0,"name":"Shaded","section":"Shading Mode"},"sceneLighting":false,"audioPlay":false,"sceneViewState":{"m_AlwaysRefresh":false,"showFog":true,"showSkybox":false,"showFlares":true,"showImageEffects":true,"showParticleSystems":true,"showVisualEffectGraphs":true,"m_FxEnabled":true},"in2DMode":false,"pivot":{"x":0.8424573540687561,"y":0.9251699447631836,"z":-0.2775476574897766},"rotation":{"x":0.2887219786643982,"y":0.05683170258998871,"z":-0.01709340140223503,"w":0.9556095004081726},"size":2.091839075088501,"orthographic":true}